session,network,task,subject_id,truth,response_1,response_2,response_3,response_4,response_5,C1,C5
081111_1557,Solo,1,1,184,430,500,490,410,422,2,3
081111_1557,Solo,1,2,184,520,25,26,24,22,2,4
081111_1557,Solo,1,3,184,50,3,100,1,4,1,2
081111_1557,Solo,1,4,184,15,20,22,18,10,2,1
081111_1557,Solo,1,5,184,1750,1500,1666,1750,1650,5,5
081111_1557,Solo,1,6,184,900,1000,678,1342,801,3,3
081111_1557,Solo,1,7,184,600,280,290,190,190,4,5
081111_1557,Solo,1,8,184,1200,1100,500,450,123,4,1
081111_1557,Solo,1,9,184,250000,180,175,200,176,3,4
081111_1557,Solo,1,10,184,500,1000,100,8000,40000,2,2
081111_1557,Solo,1,11,184,160,145,180,210,110,5,3
081111_1557,Solo,1,12,184,43,44,180,170,170,5,3
081111_1557,Decentralized_ aggregated,2,1,734,350,302,320,346,334,1,2
081111_1557,Decentralized_ aggregated,2,2,734,50,180,150,210,250,2,2
081111_1557,Decentralized_ aggregated,2,3,734,500,400,350,300,370,2,2
081111_1557,Decentralized_ aggregated,2,4,734,100,200,300,300,300,2,1
081111_1557,Decentralized_ aggregated,2,5,734,320,280,260,301,340,4,3
081111_1557,Decentralized_ aggregated,2,6,734,240,210,300,284,314,5,4
081111_1557,Decentralized_ aggregated,2,7,734,300,330,350,370,270,3,3
081111_1557,Decentralized_ aggregated,2,8,734,1200,700,800,450,320,1,1
081111_1557,Decentralized_ aggregated,2,9,734,164,270,450,320,290,1,2
081111_1557,Decentralized_ aggregated,2,10,734,30,100,200,60,150,3,3
081111_1557,Decentralized_ aggregated,2,11,734,190,550,450,620,420,3,4
081111_1557,Decentralized_ aggregated,2,12,734,120,250,270,360,340,1,1
081111_1557,Decentralized_ full_info,3,1,10067,12000,15000,17000,14500,20000,1,2
081111_1557,Decentralized_ full_info,3,2,10067,5000,3000,7000,10000,2500,2,2
081111_1557,Decentralized_ full_info,3,3,10067,2000,12000,20000,18000,10000,1,2
081111_1557,Decentralized_ full_info,3,4,10067,1000,15000,20000,10000,12000,1,1
081111_1557,Decentralized_ full_info,3,5,10067,26000,11111,8900,14000,23000,2,2
081111_1557,Decentralized_ full_info,3,6,10067,24154,254154,11041,27415,15412,2,1
081111_1557,Decentralized_ full_info,3,7,10067,6000,22000,18000,15000,13000,3,2
081111_1557,Decentralized_ full_info,3,8,10067,12000,10000,13000,16000,21000,3,2
081111_1557,Decentralized_ full_info,3,9,10067,498,5600,7865,16500,12679,2,2
081111_1557,Decentralized_ full_info,3,10,10067,500000,10000,22000,5000,16000,3,3
081111_1557,Decentralized_ full_info,3,11,10067,10000,20000,25000,15000,8000,3,3
081111_1557,Decentralized_ full_info,3,12,10067,3000,3000,3000,10000,12000,1,1
081111_1557,Solo,4,1,198,92,102,98,106,120,1,1
081111_1557,Solo,4,2,198,15,25,55,90,125,2,3
081111_1557,Solo,4,3,198,200,500,100,1000,750,1,1
081111_1557,Solo,4,4,198,500,300,900,200,400,2,1
081111_1557,Solo,4,5,198,41,36,32,55,27,4,3
081111_1557,Solo,4,6,198,1001,571,3513,741,30413,3,4
081111_1557,Solo,4,7,198,50,70,40,90,120,1,1
081111_1557,Solo,4,8,198,70,120,45,80,90,1,1
081111_1557,Solo,4,9,198,38,25,18,45,55,4,3
081111_1557,Solo,4,10,198,200,85,500,230,40,3,2
081111_1557,Solo,4,11,198,12,24,36,44,19,2,2
081111_1557,Solo,4,12,198,180,220,210,210,200,2,2
081111_1557,Decentralized_ aggregated,5,1,639,98,302,400,258,260,2,1
081111_1557,Decentralized_ aggregated,5,2,639,50,180,230,110,300,2,2
081111_1557,Decentralized_ aggregated,5,3,639,3000,2000,1000,1500,2500,3,2
081111_1557,Decentralized_ aggregated,5,4,639,300,500,600,400,450,1,2
081111_1557,Decentralized_ aggregated,5,5,639,95,260,400,310,500,3,2
081111_1557,Decentralized_ aggregated,5,6,639,50,1500,576,974,210,4,5
081111_1557,Decentralized_ aggregated,5,7,639,50,100,180,250,300,2,2
081111_1557,Decentralized_ aggregated,5,8,639,456,520,980,620,1100,2,1
081111_1557,Decentralized_ aggregated,5,9,639,725,634,695,812,518,3,2
081111_1557,Decentralized_ aggregated,5,10,639,100,441,550,50,200,3,2
081111_1557,Decentralized_ aggregated,5,11,639,365,450,660,590,750,2,2
081111_1557,Decentralized_ aggregated,5,12,639,10,30,30,60,60,1,1
081111_1557,Decentralized_ full_info,6,1,9272,806,6000,4500,3200,3500,3,2
081111_1557,Decentralized_ full_info,6,2,9272,10000,5000,15000,2500,4500,2,2
081111_1557,Decentralized_ full_info,6,3,9272,3000,2500,3500,3312,3200,2,3
081111_1557,Decentralized_ full_info,6,4,9272,2000,3000,3500,2900,5000,2,1
081111_1557,Decentralized_ full_info,6,5,9272,956,1400,1930,2600,2900,2,2
081111_1557,Decentralized_ full_info,6,6,9272,2500,2500,2500,5000,3414,5,4
081111_1557,Decentralized_ full_info,6,7,9272,1800,2500,3200,3500,1200,3,3
081111_1557,Decentralized_ full_info,6,8,9272,8500,7600,9000,3000,7900,1,2
081111_1557,Decentralized_ full_info,6,9,9272,2365,3560,3289,3456,3289,2,4
081111_1557,Decentralized_ full_info,6,10,9272,700,22500,6000,3500,4000,3,3
081111_1557,Decentralized_ full_info,6,11,9272,650,1000,3000,12000,4500,3,3
081111_1557,Decentralized_ full_info,6,12,9272,25000,14000,12000,11000,3000,1,1
081113_1411,Decentralized_ full_info,1,1,184,30,30,30,30,30,2,2
081113_1411,Decentralized_ full_info,1,2,184,168,180,172,191,156,4,2
081113_1411,Decentralized_ full_info,1,3,184,2,2,10,10,15,3,2
081113_1411,Decentralized_ full_info,1,4,184,17,22,20,15,72,2,1
081113_1411,Decentralized_ full_info,1,5,184,100,125,150,75,100,2,3
081113_1411,Decentralized_ full_info,1,6,184,1070,170,178,178,160,4,5
081113_1411,Decentralized_ full_info,1,7,184,7,70,65,75,70,3,4
081113_1411,Decentralized_ full_info,1,8,184,20,20,22,30,30,4,4
081113_1411,Decentralized_ full_info,1,9,184,150,200,140,80,75,3,4
081113_1411,Decentralized_ full_info,1,10,184,112,104,160,72,119,3,3
081113_1411,Decentralized_ full_info,1,11,184,500,75,125,100,75,2,3
081113_1411,Decentralized_ full_info,1,12,184,200,125,120,120,110,1,4
081113_1411,Solo,2,1,734,300,300,300,300,300,4,4
081113_1411,Solo,2,2,734,115,270,290,240,160,1,1
081113_1411,Solo,2,3,734,200,50,100,60,100,4,4
081113_1411,Solo,2,4,734,80,75,85,65,80,2,2
081113_1411,Solo,2,5,734,1000,1200,800,700,900,3,3
081113_1411,Solo,2,6,734,320,180,250,140,280,4,5
081113_1411,Solo,2,7,734,100,120,80,140,110,3,3
081113_1411,Solo,2,8,734,150,100,75,75,75,4,4
081113_1411,Solo,2,9,734,800,1000,450,600,350,4,3
081113_1411,Solo,2,10,734,300,270,350,380,430,4,4
081113_1411,Solo,2,11,734,20,30,40,60,45,4,3
081113_1411,Solo,2,12,734,600,500,700,1000,650,1,1
081113_1411,Decentralized_ aggregated,3,1,10067,10000,10000,10000,10000,10000,3,3
081113_1411,Decentralized_ aggregated,3,2,10067,2600,5486,6798,4652,3620,1,2
081113_1411,Decentralized_ aggregated,3,3,10067,3,4500,2000,10000,6000,2,2
081113_1411,Decentralized_ aggregated,3,4,10067,65000,10000,11000,9015,8385,1,1
081113_1411,Decentralized_ aggregated,3,5,10067,5000,15000,12000,5000,8000,1,1
081113_1411,Decentralized_ aggregated,3,6,10067,25600,12500,11800,8600,8290,3,2
081113_1411,Decentralized_ aggregated,3,7,10067,10000,13000,8000,10000,6000,4,4
081113_1411,Decentralized_ aggregated,3,8,10067,10000,11000,9000,7500,9600,4,4
081113_1411,Decentralized_ aggregated,3,9,10067,9000,15000,12000,11000,13000,3,3
081113_1411,Decentralized_ aggregated,3,10,10067,20000,14235,10589,6856,8563,2,3
081113_1411,Decentralized_ aggregated,3,11,10067,700,13000,5000,8000,2500,3,2
081113_1411,Decentralized_ aggregated,3,12,10067,1000,20000,10000,10000,9500,1,2
081113_1411,Decentralized_ full_info,4,1,198,200,200,200,200,200,3,3
081113_1411,Decentralized_ full_info,4,2,198,2340,230,368,180,210,1,1
081113_1411,Decentralized_ full_info,4,3,198,1500,700,600,300,400,2,2
081113_1411,Decentralized_ full_info,4,4,198,100,110,60,70,70,2,3
081113_1411,Decentralized_ full_info,4,5,198,100,150,125,100,100,1,3
081113_1411,Decentralized_ full_info,4,6,198,180,190,82,129,172,3,5
081113_1411,Decentralized_ full_info,4,7,198,600,500,400,200,100,3,4
081113_1411,Decentralized_ full_info,4,8,198,300,400,400,300,200,2,2
081113_1411,Decentralized_ full_info,4,9,198,350,250,300,1000000000,150,3,4
081113_1411,Decentralized_ full_info,4,10,198,95,24,8,45,250,2,3
081113_1411,Decentralized_ full_info,4,11,198,200,50,150,250,75,3,3
081113_1411,Decentralized_ full_info,4,12,198,100,300,100,100,100,2,3
081113_1411,Solo,5,1,639,2000,2000,2000,2000,2000,2,2
081113_1411,Solo,5,2,639,152,86,88,82,81,2,4
081113_1411,Solo,5,3,639,50,20,30,25,15,1,1
081113_1411,Solo,5,4,639,65,65,74,74,182,2,3
081113_1411,Solo,5,5,639,500,500,600,400,300,2,2
081113_1411,Solo,5,6,639,4000,4100,3900,10000,5000,4,4
081113_1411,Solo,5,7,639,7000,2500,4000,1000,10000,1,1
081113_1411,Solo,5,8,639,500,150,100,150,150,3,3
081113_1411,Solo,5,9,639,3000,4000,10000,1000,80000,2,2
081113_1411,Solo,5,10,639,200,23,23,23,23,2,3
081113_1411,Solo,5,11,639,250,1500,1000,700,900,3,3
081113_1411,Solo,5,12,639,250,300,275,270,265,1,1
081113_1411,Decentralized_ aggregated,6,1,9272,10000,10000,10000,10000,10000,3,3
081113_1411,Decentralized_ aggregated,6,2,9272,2700,6452,5216,3260,1230,1,2
081113_1411,Decentralized_ aggregated,6,3,9272,1500,9800,7650,3500,25000,1,3
081113_1411,Decentralized_ aggregated,6,4,9272,2500,3000,3500,3500,9432,1,1
081113_1411,Decentralized_ aggregated,6,5,9272,20000,15000,10000,12500,10000,3,3
081113_1411,Decentralized_ aggregated,6,6,9272,15000,10000,5319,8933,13588,2,5
081113_1411,Decentralized_ aggregated,6,7,9272,2000,5000,7000,2000,1000,3,3
081113_1411,Decentralized_ aggregated,6,8,9272,50000,10000,13001,15000,10000,1,1
081113_1411,Decentralized_ aggregated,6,9,9272,2000,13000,15000,9000,5000,2,2
081113_1411,Decentralized_ aggregated,6,10,9272,900,9000,999999999,20000,15000,2,2
081113_1411,Decentralized_ aggregated,6,11,9272,10000,9000,6000,13000,8000,3,4
081113_1411,Decentralized_ aggregated,6,12,9272,6500,15000,13000,12500,11500,2,3
081113_1518,Decentralized_ aggregated,1,1,184,150,1000,500,250,300,1,1
081113_1518,Decentralized_ aggregated,1,2,184,150,200,300,200,150,4,3
081113_1518,Decentralized_ aggregated,1,3,184,3000,25,150,100,75,3,4
081113_1518,Decentralized_ aggregated,1,4,184,600,500,400,300,200,1,3
081113_1518,Decentralized_ aggregated,1,5,184,10,500,250,150,155,1,1
081113_1518,Decentralized_ aggregated,1,6,184,180,190,175,185,155,5,5
081113_1518,Decentralized_ aggregated,1,7,184,1000,350,360,300,300,5,5
081113_1518,Decentralized_ aggregated,1,8,184,400,500,400,400,400,4,5
081113_1518,Decentralized_ aggregated,1,9,184,30,100,40,20,50,4,5
081113_1518,Decentralized_ aggregated,1,10,184,10,200,250,220,170,1,3
081113_1518,Decentralized_ aggregated,1,11,184,178,180,176,181,180,6,6
081113_1518,Decentralized_ aggregated,1,12,184,24,470,350,280,216,1,1
081113_1518,Decentralized_ full_info,2,1,734,600,580,425,450,500,1,1
081113_1518,Decentralized_ full_info,2,2,734,550,450,450,500,475,3,3
081113_1518,Decentralized_ full_info,2,3,734,200,200,250,175,200,5,5
081113_1518,Decentralized_ full_info,2,4,734,500,260,270,288,277,1,3
081113_1518,Decentralized_ full_info,2,5,734,350,250,450,320,380,2,2
081113_1518,Decentralized_ full_info,2,6,734,200,123,99,150,180,4,5
081113_1518,Decentralized_ full_info,2,7,734,30,250,380,260,500,4,2
081113_1518,Decentralized_ full_info,2,8,734,20,300,250,200,300,1,2
081113_1518,Decentralized_ full_info,2,9,734,200,250,250,275,250,4,5
081113_1518,Decentralized_ full_info,2,10,734,80,300,280,330,300,2,3
081113_1518,Decentralized_ full_info,2,11,734,400,250,300,200,300,4,5
081113_1518,Decentralized_ full_info,2,12,734,250,300,350,400,450,1,1
081113_1518,Solo,3,1,10067,50000,225000,175000,95000,25000,1,1
081113_1518,Solo,3,2,10067,10000,5000,1000,500,20000,2,2
081113_1518,Solo,3,3,10067,50000,30000,10000,20000,10000,2,2
081113_1518,Solo,3,4,10067,600,200,1000,800,1400,2,2
081113_1518,Solo,3,5,10067,1500,3000,800,2200,1500,1,1
081113_1518,Solo,3,6,10067,3000,5000,3525,2640,5275,2,2
081113_1518,Solo,3,7,10067,10000,600,500,1000,200,1,1
081113_1518,Solo,3,8,10067,30000,30000,40000,30000,10000,5,2
081113_1518,Solo,3,9,10067,10000,5000,8000,6000,9000,4,4
081113_1518,Solo,3,10,10067,10000,20000,30000,40000,50000,1,1
081113_1518,Solo,3,11,10067,10000,8000,8954,12000,6000,5,3
081113_1518,Solo,3,12,10067,179,90,45,65,79,1,1
081113_1518,Decentralized_ aggregated,4,1,198,10,600,300,275,280,1,1
081113_1518,Decentralized_ aggregated,4,2,198,50,300,300,300,250,1,1
081113_1518,Decentralized_ aggregated,4,3,198,2000,500,1000,500,300,4,4
081113_1518,Decentralized_ aggregated,4,4,198,5000,400,200,330,280,2,3
081113_1518,Decentralized_ aggregated,4,5,198,100,500,750,450,300,1,1
081113_1518,Decentralized_ aggregated,4,6,198,100,150,200,175,275,3,4
081113_1518,Decentralized_ aggregated,4,7,198,100,300,250,150,200,2,4
081113_1518,Decentralized_ aggregated,4,8,198,10,50,50,100,50,2,2
081113_1518,Decentralized_ aggregated,4,9,198,30,200,100,150,250,4,4
081113_1518,Decentralized_ aggregated,4,10,198,100,250,220,280,260,2,3
081113_1518,Decentralized_ aggregated,4,11,198,10,20,25,300,15,4,3
081113_1518,Decentralized_ aggregated,4,12,198,70,500,250,300,275,1,1
081113_1518,Decentralized_ full_info,5,1,639,125,75,250,600,2000,1,1
081113_1518,Decentralized_ full_info,5,2,639,200,300,250,200,150,2,1
081113_1518,Decentralized_ full_info,5,3,639,500,500,750,3000,400,4,6
081113_1518,Decentralized_ full_info,5,4,639,100,170,333,444,1234,2,2
081113_1518,Decentralized_ full_info,5,5,639,10000,8000,6000,4000,7500,1,1
081113_1518,Decentralized_ full_info,5,6,639,50,150,100,350,80,3,4
081113_1518,Decentralized_ full_info,5,7,639,200,1000,2500,4000,400,1,1
081113_1518,Decentralized_ full_info,5,8,639,300,500,400,750,500,2,2
081113_1518,Decentralized_ full_info,5,9,639,700,1500,5000,2500,3000,4,4
081113_1518,Decentralized_ full_info,5,10,639,20,90,130,200,300,2,2
081113_1518,Decentralized_ full_info,5,11,639,200,300,400,199,5000,3,2
081113_1518,Decentralized_ full_info,5,12,639,5000,250,360,400,2000,1,1
081113_1518,Solo,6,1,9272,50,100,75,150,20,1,1
081113_1518,Solo,6,2,9272,1000,2000,3000,500,1111,1,1
081113_1518,Solo,6,3,9272,5000,2500,7500,5000,6500,3,3
081113_1518,Solo,6,4,9272,5000,20000,50000,10000,60000,1,1
081113_1518,Solo,6,5,9272,3000000,1000000,5000000,2500000,3500000,1,1
081113_1518,Solo,6,6,9272,1000000,600000,300000,200000,400000,3,1
081113_1518,Solo,6,7,9272,7000000,12000000,10000000,4000000,500000,3,2
081113_1518,Solo,6,8,9272,10000,700,600,800,400,2,1
081113_1518,Solo,6,9,9272,800000,1000000,1500000,500000,700000,5,5
081113_1518,Solo,6,10,9272,1000,2000,3000,4000,5000,1,1
081113_1518,Solo,6,11,9272,5000,10000,20000,4000,2000,2,2
081113_1518,Solo,6,12,9272,5000,3000,4000,4500,3500,1,1
081114_0709,Solo,1,1,184,107,67,201,144,112,2,1
081114_0709,Solo,1,2,184,30,40,38,50,40,4,4
081114_0709,Solo,1,3,184,100,50,45,35,25,2,2
081114_0709,Solo,1,4,184,180,180,180,180,180,5,6
081114_0709,Solo,1,5,184,100,50,150,40,80,2,1
081114_0709,Solo,1,6,184,175,185,180,178,182,6,6
081114_0709,Solo,1,7,184,190,150,200,200,120,1,2
081114_0709,Solo,1,8,184,100,50,200,150,60,3,2
081114_0709,Solo,1,9,184,30,80,70,90,80,3,2
081114_0709,Solo,1,10,184,1,3,1000,10000,4000,2,5
081114_0709,Solo,1,11,184,700,300,150,100,50,1,1
081114_0709,Solo,1,12,184,90,70,150,135,163,3,2
081114_0709,Decentralized_ aggregated,2,1,734,200,300,250,500,428,3,1
081114_0709,Decentralized_ aggregated,2,2,734,600,500,550,650,580,4,4
081114_0709,Decentralized_ aggregated,2,3,734,500,750,750,700,650,2,2
081114_0709,Decentralized_ aggregated,2,4,734,270,350,350,370,370,3,3
081114_0709,Decentralized_ aggregated,2,5,734,80,300,350,500,450,1,1
081114_0709,Decentralized_ aggregated,2,6,734,500,450,475,460,500,5,4
081114_0709,Decentralized_ aggregated,2,7,734,250,600,400,500,350,1,1
081114_0709,Decentralized_ aggregated,2,8,734,1000,800,1400,600,1600,3,2
081114_0709,Decentralized_ aggregated,2,9,734,400,450,430,500,520,4,4
081114_0709,Decentralized_ aggregated,2,10,734,30,550,508,620,512,4,5
081114_0709,Decentralized_ aggregated,2,11,734,400,500,600,450,500,2,2
081114_0709,Decentralized_ aggregated,2,12,734,600,620,620,610,601,4,3
081114_0709,Decentralized_ full_info,3,1,10067,1025,2030,3050,20000,10000,1,1
081114_0709,Decentralized_ full_info,3,2,10067,5000,7500,30000,18000,12000,2,3
081114_0709,Decentralized_ full_info,3,3,10067,10000,15000,7500,15000,20000,2,2
081114_0709,Decentralized_ full_info,3,4,10067,10000,23000,23000,23000,21000,2,3
081114_0709,Decentralized_ full_info,3,5,10067,50000,30000,35000,20000,25000,1,1
081114_0709,Decentralized_ full_info,3,6,10067,3000,3000,7000,10000,8000,3,2
081114_0709,Decentralized_ full_info,3,7,10067,20000,5000,5000,4000,1000,1,1
081114_0709,Decentralized_ full_info,3,8,10067,5000,10000,30000,15000,40000,2,1
081114_0709,Decentralized_ full_info,3,9,10067,5000,10000,15000,25000,40000,2,2
081114_0709,Decentralized_ full_info,3,10,10067,200000,45000,60000,20000,15320,2,2
081114_0709,Decentralized_ full_info,3,11,10067,50000,40000,30000,50000,20000,1,1
081114_0709,Decentralized_ full_info,3,12,10067,35000,30000,32594,37123,34862,3,4
081114_0709,Solo,4,1,198,300,150,183,97,251,1,1
081114_0709,Solo,4,2,198,10000,8000,15000,5000,10000,2,2
081114_0709,Solo,4,3,198,200,150,250,125,275,2,2
081114_0709,Solo,4,4,198,76,50,70,60,50,4,4
081114_0709,Solo,4,5,198,120,100,90,110,180,1,1
081114_0709,Solo,4,6,198,500,600,400,300,200,5,3
081114_0709,Solo,4,7,198,300,330,270,240,260,4,4
081114_0709,Solo,4,8,198,1000,1500,500,200,100,2,1
081114_0709,Solo,4,9,198,1000,100,500,1500,5000,2,2
081114_0709,Solo,4,10,198,2500,7600,4800,6600,5500,4,4
081114_0709,Solo,4,11,198,4000,2000,1000,500,400,2,1
081114_0709,Solo,4,12,198,1000,700,1300,5000,3527,4,3
081114_0709,Decentralized_ aggregated,5,1,639,222,297,245,222,188,2,1
081114_0709,Decentralized_ aggregated,5,2,639,20,80,90,110,130,2,3
081114_0709,Decentralized_ aggregated,5,3,639,400,300,400,200,400,2,2
081114_0709,Decentralized_ aggregated,5,4,639,750,600,550,600,500,1,3
081114_0709,Decentralized_ aggregated,5,5,639,80,200,250,230,180,1,1
081114_0709,Decentralized_ aggregated,5,6,639,500,365,400,300,450,4,4
081114_0709,Decentralized_ aggregated,5,7,639,250,270,300,330,300,3,3
081114_0709,Decentralized_ aggregated,5,8,639,1000,600,300,200,800,3,2
081114_0709,Decentralized_ aggregated,5,9,639,200,150,250,250,250,2,2
081114_0709,Decentralized_ aggregated,5,10,639,198,259,200,270,240,4,6
081114_0709,Decentralized_ aggregated,5,11,639,400,300,250,200,264,1,3
081114_0709,Decentralized_ aggregated,5,12,639,200,250,250,260,231,4,3
081114_0709,Decentralized_ full_info,6,1,9272,1000,3000,3650,4000,3750,1,1
081114_0709,Decentralized_ full_info,6,2,9272,2500,3000,6000,4000,4500,3,4
081114_0709,Decentralized_ full_info,6,3,9272,3000,3000,4500,5000,5000,2,2
081114_0709,Decentralized_ full_info,6,4,9272,1700,1700,2000,2000,2000,2,3
081114_0709,Decentralized_ full_info,6,5,9272,900,2500,3000,5220,4200,2,1
081114_0709,Decentralized_ full_info,6,6,9272,2000,2500,3000,4000,5000,2,2
081114_0709,Decentralized_ full_info,6,7,9272,1738,2500,3330,4000,4500,1,1
081114_0709,Decentralized_ full_info,6,8,9272,2000,3500,5000,4000,6000,4,4
081114_0709,Decentralized_ full_info,6,9,9272,1000,1500,2000,3500,3000,4,3
081114_0709,Decentralized_ full_info,6,10,9272,1200,2000,3200,3500,3000,4,6
081114_0709,Decentralized_ full_info,6,11,9272,4000,6000,5000,7000,7500,1,1
081114_0709,Decentralized_ full_info,6,12,9272,7500,7000,7002,5000,6000,2,2
081114_1142,Decentralized_ full_info,1,1,184,23564,785,618,349,495,3,4
081114_1142,Decentralized_ full_info,1,2,184,357,489,214,250,178,3,2
081114_1142,Decentralized_ full_info,1,3,184,30,70,170,10,120,3,4
081114_1142,Decentralized_ full_info,1,4,184,150,100,50,125,200,4,4
081114_1142,Decentralized_ full_info,1,5,184,7,75,78,80,80,2,3
081114_1142,Decentralized_ full_info,1,6,184,555,175,165,165,170,2,4
081114_1142,Decentralized_ full_info,1,7,184,40,100,150,170,200,3,4
081114_1142,Decentralized_ full_info,1,8,184,120,175,160,145,130,2,2
081114_1142,Decentralized_ full_info,1,9,184,180,170,175,170,170,4,5
081114_1142,Decentralized_ full_info,1,10,184,800,300,90,87,100,1,2
081114_1142,Decentralized_ full_info,1,11,184,75,500,400,250,600,2,2
081114_1142,Decentralized_ full_info,1,12,184,200,150,160,170,155,3,4
081114_1142,Solo,2,1,734,2000,50000,26458,264580,231689,1,3
081114_1142,Solo,2,2,734,100000,150000,150,150,100,1,2
081114_1142,Solo,2,3,734,50,100,100,130,130,2,1
081114_1142,Solo,2,4,734,100,250,200,300,220,2,4
081114_1142,Solo,2,5,734,220,260,260,238,238,4,5
081114_1142,Solo,2,6,734,750,650,700,700,555,2,3
081114_1142,Solo,2,7,734,80,150,180,200,300,1,1
081114_1142,Solo,2,8,734,300,490,450,425,450,4,4
081114_1142,Solo,2,9,734,400000000,300000000,450000000,450000000,450000000,2,3
081114_1142,Solo,2,10,734,2823,864,1002,1475,1475,2,5
081114_1142,Solo,2,11,734,200,300,150,350,500,3,2
081114_1142,Solo,2,12,734,300,500,600,600,600,1,4
081114_1142,Decentralized_ aggregated,3,1,10067,863,12546,23489,20946,15464,3,2
081114_1142,Decentralized_ aggregated,3,2,10067,20845,24126,15189,29410,4512,3,2
081114_1142,Decentralized_ aggregated,3,3,10067,3000,100000,30000,10000,70000,3,3
081114_1142,Decentralized_ aggregated,3,4,10067,20000,25000,27000,25000,35000,4,3
081114_1142,Decentralized_ aggregated,3,5,10067,600,1200,2000,1600,1200,1,2
081114_1142,Decentralized_ aggregated,3,6,10067,125000,12500,20000,15000,12500,2,3
081114_1142,Decentralized_ aggregated,3,7,10067,10000,35000,28000,20000,22000,1,3
081114_1142,Decentralized_ aggregated,3,8,10067,15000,30000,40000,21000,12000,2,2
081114_1142,Decentralized_ aggregated,3,9,10067,120000,80000,30000,25000,10000,2,1
081114_1142,Decentralized_ aggregated,3,10,10067,8732,18000,16000,15000,14000,3,3
081114_1142,Decentralized_ aggregated,3,11,10067,30000,35000,25000,20000,60000,2,3
081114_1142,Decentralized_ aggregated,3,12,10067,5000,2000,3000,2500,3000,2,3
081114_1142,Decentralized_ full_info,4,1,198,17,286,254,235,219,3,3
081114_1142,Decentralized_ full_info,4,2,198,150,110,250,100,132,1,1
081114_1142,Decentralized_ full_info,4,3,198,1000,450,250,80,200,3,3
081114_1142,Decentralized_ full_info,4,4,198,100,50,125,75,140,2,4
081114_1142,Decentralized_ full_info,4,5,198,150,150,135,140,150,1,2
081114_1142,Decentralized_ full_info,4,6,198,382,275,312,250,146,2,3
081114_1142,Decentralized_ full_info,4,7,198,250,300,110,200,160,1,3
081114_1142,Decentralized_ full_info,4,8,198,150,80,200,135,195,2,2
081114_1142,Decentralized_ full_info,4,9,198,700,550,400,300,450,2,3
081114_1142,Decentralized_ full_info,4,10,198,76,62,50,58,29,2,2
081114_1142,Decentralized_ full_info,4,11,198,50,40,45,70,100,2,2
081114_1142,Decentralized_ full_info,4,12,198,3000,200,100,600,200,2,1
081114_1142,Solo,5,1,639,276,84,142,63,47,4,4
081114_1142,Solo,5,2,639,3,17,25,10,14,2,2
081114_1142,Solo,5,3,639,180,72,250,30,120,3,4
081114_1142,Solo,5,4,639,1000,500,350,200,300,2,3
081114_1142,Solo,5,5,639,3500,2500,1200,300,400,1,1
081114_1142,Solo,5,6,639,125,45,80,70,65,2,4
081114_1142,Solo,5,7,639,100,80,200,150,60,2,2
081114_1142,Solo,5,8,639,700,500,300,800,950,2,2
081114_1142,Solo,5,9,639,150,80,70,70,60,2,1
081114_1142,Solo,5,10,639,175,200,115,125,60,2,2
081114_1142,Solo,5,11,639,40,50,30,25,55,2,2
081114_1142,Solo,5,12,639,10,20,5,15,5,1,1
081114_1142,Decentralized_ aggregated,6,1,9272,846,12946,23523,21695,34256,4,2
081114_1142,Decentralized_ aggregated,6,2,9272,8412,9563,15423,22345,41235,1,1
081114_1142,Decentralized_ aggregated,6,3,9272,10000,12000,30000,20000,50000,3,3
081114_1142,Decentralized_ aggregated,6,4,9272,35000,50000,44000,65000,60000,3,4
081114_1142,Decentralized_ aggregated,6,5,9272,3900,6000,12000,14000,15000,2,1
081114_1142,Decentralized_ aggregated,6,6,9272,3500,5000,20000,8153,13506,3,1
081114_1142,Decentralized_ aggregated,6,7,9272,6000,12000,13697,25004,34569,2,3
081114_1142,Decentralized_ aggregated,6,8,9272,3600,8000,10000,15000,13000,2,2
081114_1142,Decentralized_ aggregated,6,9,9272,2000,5000,7500,9500,12000,2,2
081114_1142,Decentralized_ aggregated,6,10,9272,30000,33000,32000,26000,33000,2,4
081114_1142,Decentralized_ aggregated,6,11,9272,1500,5000,10000,15000,20000,2,2
081114_1142,Decentralized_ aggregated,6,12,9272,10000,100000,50000,200000,30000,1,1
081117_1016,Decentralized_ aggregated,1,1,184,100,900,300,50,200,1,1
081117_1016,Decentralized_ aggregated,1,2,184,2000,900,700,500,300,3,3
081117_1016,Decentralized_ aggregated,1,3,184,192,179,202,210,215,5,5
081117_1016,Decentralized_ aggregated,1,4,184,100,500,400,200,300,3,3
081117_1016,Decentralized_ aggregated,1,5,184,150,180,170,160,140,2,3
081117_1016,Decentralized_ aggregated,1,6,184,69,569,164,206,245,1,2
081117_1016,Decentralized_ aggregated,1,7,184,300,200,150,50,25,1,3
081117_1016,Decentralized_ aggregated,1,8,184,20,1300,120,200,220,1,1
081117_1016,Decentralized_ aggregated,1,9,184,40,100,150,180,68,2,2
081117_1016,Decentralized_ aggregated,1,10,184,12000,900,650,420,275,2,1
081117_1016,Decentralized_ aggregated,1,11,184,200,700,680,450,300,1,2
081117_1016,Decentralized_ aggregated,1,12,184,30,1444,400,250,170,1,1
081117_1016,Decentralized_ full_info,2,1,734,1000,800,1500,1050,900,1,1
081117_1016,Decentralized_ full_info,2,2,734,600,800,400,500,700,3,3
081117_1016,Decentralized_ full_info,2,3,734,450,225,270,380,325,3,5
081117_1016,Decentralized_ full_info,2,4,734,300,400,350,300,400,3,3
081117_1016,Decentralized_ full_info,2,5,734,1500,1000,900,700,1400,2,2
081117_1016,Decentralized_ full_info,2,6,734,298,416,521,345,625,1,1
081117_1016,Decentralized_ full_info,2,7,734,400,250,350,400,350,3,2
081117_1016,Decentralized_ full_info,2,8,734,350,300,250,500,550,1,1
081117_1016,Decentralized_ full_info,2,9,734,1,10,5,20,12,3,2
081117_1016,Decentralized_ full_info,2,10,734,35000,45000,30000,1000,800,1,1
081117_1016,Decentralized_ full_info,2,11,734,500,600,650,450,850,1,1
081117_1016,Decentralized_ full_info,2,12,734,150,350,450,900,400,1,1
081117_1016,Solo,3,1,10067,25000,50000,75000,60000,70000,1,1
081117_1016,Solo,3,2,10067,30000,20000,10000,15000,25000,2,2
081117_1016,Solo,3,3,10067,15000,8500,19500,25000,3500,5,3
081117_1016,Solo,3,4,10067,7000,10000,8000,9000,8000,3,3
081117_1016,Solo,3,5,10067,150,500,2000,5000,950,1,1
081117_1016,Solo,3,6,10067,3755,9854,6574,11987,8432,2,1
081117_1016,Solo,3,7,10067,50000,10000,25000,5000,10000,1,1
081117_1016,Solo,3,8,10067,40000,20000,30000,10000,6000,2,2
081117_1016,Solo,3,9,10067,3000,5000,1000,2500,8000,1,1
081117_1016,Solo,3,10,10067,3000,2400,1900,500,5000,2,1
081117_1016,Solo,3,11,10067,10000,5000,15000,8000,16000,2,2
081117_1016,Solo,3,12,10067,10000,5400,3500,3000,2000,1,1
081117_1016,Decentralized_ aggregated,4,1,198,25,50,35,25,19,1,1
081117_1016,Decentralized_ aggregated,4,2,198,20,150,180,195,120,2,1
081117_1016,Decentralized_ aggregated,4,3,198,82,150,220,175,205,4,5
081117_1016,Decentralized_ aggregated,4,4,198,1000,400,300,300,250,3,3
081117_1016,Decentralized_ aggregated,4,5,198,5,20,8,13,16,2,2
081117_1016,Decentralized_ aggregated,4,6,198,1287,598,356,284,163,1,1
081117_1016,Decentralized_ aggregated,4,7,198,10,300,150,100,25,1,1
081117_1016,Decentralized_ aggregated,4,8,198,600,300,180,150,120,2,2
081117_1016,Decentralized_ aggregated,4,9,198,300,380,450,120,75,2,2
081117_1016,Decentralized_ aggregated,4,10,198,500,420,320,190,245,1,1
081117_1016,Decentralized_ aggregated,4,11,198,70,90,100,110,100,2,2
081117_1016,Decentralized_ aggregated,4,12,198,150,333,222,130,120,1,1
081117_1016,Decentralized_ full_info,5,1,639,100,80,150,70,80,1,1
081117_1016,Decentralized_ full_info,5,2,639,3000,700,500,400,600,3,2
081117_1016,Decentralized_ full_info,5,3,639,950,2500,1200,650,4500,1,1
081117_1016,Decentralized_ full_info,5,4,639,600,500,400,300,300,3,3
081117_1016,Decentralized_ full_info,5,5,639,100,300,450,1000,70,1,1
081117_1016,Decentralized_ full_info,5,6,639,1297,798,645,597,776,2,2
081117_1016,Decentralized_ full_info,5,7,639,1000,250,300,500,456,1,1
081117_1016,Decentralized_ full_info,5,8,639,400,500,600,700,250,2,1
081117_1016,Decentralized_ full_info,5,9,639,100,200,80,130,40,2,2
081117_1016,Decentralized_ full_info,5,10,639,250,350,420,375,450,1,1
081117_1016,Decentralized_ full_info,5,11,639,250,300,280,200,200,1,1
081117_1016,Decentralized_ full_info,5,12,639,8000,500,900,600,200,1,1
081117_1016,Solo,6,1,9272,10000,13000,8800,7500,11000,1,1
081117_1016,Solo,6,2,9272,50000,50000,30000,20000,18000,2,2
081117_1016,Solo,6,3,9272,2500,4200,3600,7400,2900,3,2
081117_1016,Solo,6,4,9272,10000,5000,7000,8000,4000,2,2
081117_1016,Solo,6,5,9272,500000,1500000,10000000,750000,800000,1,1
081117_1016,Solo,6,6,9272,12600,9800,6500,7200,3590,2,3
081117_1016,Solo,6,7,9272,150000,100000,50000,100000,200000,1,1
081117_1016,Solo,6,8,9272,25000,40000,45000,35000,50000,2,2
081117_1016,Solo,6,9,9272,50000,5000,2000,3000,7000,1,1
081117_1016,Solo,6,10,9272,1200,1800,2100,1700,3200,2,2
081117_1016,Solo,6,11,9272,50000,70000,70000,100000,10000,1,1
081117_1016,Solo,6,12,9272,30000,10000,60000,40000,45000,1,1
081117_1548,Solo,1,1,184,50,1000,500,666,777,2,1
081117_1548,Solo,1,2,184,2,3,1,5,2,3,3
081117_1548,Solo,1,3,184,60,70,80,50,90,2,2
081117_1548,Solo,1,4,184,50,30,15,15,15,2,3
081117_1548,Solo,1,5,184,150,120,160,100,170,3,4
081117_1548,Solo,1,6,184,1230,2350,1200,750,700,2,2
081117_1548,Solo,1,7,184,50,80,30,40,60,1,2
081117_1548,Solo,1,8,184,5000,7000,2000,800,900,1,1
081117_1548,Solo,1,9,184,100,150,100,80,8,2,1
081117_1548,Solo,1,10,184,2000,200,150,300,600,4,2
081117_1548,Solo,1,11,184,50,700,100,583,380,2,2
081117_1548,Solo,1,12,184,200,3000,30,300,3000,1,1
081117_1548,Decentralized_ aggregated,2,1,734,500,600,700,700,750,2,1
081117_1548,Decentralized_ aggregated,2,2,734,250,600,900,712,837,5,4
081117_1548,Decentralized_ aggregated,2,3,734,800,700,750,900,850,3,3
081117_1548,Decentralized_ aggregated,2,4,734,500,800,850,850,875,1,2
081117_1548,Decentralized_ aggregated,2,5,734,1000,1000,1200,800,900,2,2
081117_1548,Decentralized_ aggregated,2,6,734,2000,2000,1500,2500,2400,3,2
081117_1548,Decentralized_ aggregated,2,7,734,1000,700,1300,1100,1200,1,1
081117_1548,Decentralized_ aggregated,2,8,734,400,600,680,800,500,1,1
081117_1548,Decentralized_ aggregated,2,9,734,550,550,550,650,650,3,3
081117_1548,Decentralized_ aggregated,2,10,734,900,700,813,765,860,3,2
081117_1548,Decentralized_ aggregated,2,11,734,250,650,750,774,800,3,2
081117_1548,Decentralized_ aggregated,2,12,734,250,400,775,688,900,1,1
081117_1548,Decentralized_ full_info,3,1,10067,15000,20000,10000,12000,8000,1,1
081117_1548,Decentralized_ full_info,3,2,10067,100000,125000,75000,8000,50000,5,4
081117_1548,Decentralized_ full_info,3,3,10067,2000,5000,10000,9000,11000,3,2
081117_1548,Decentralized_ full_info,3,4,10067,10000,17000,15000,9000,11000,1,2
081117_1548,Decentralized_ full_info,3,5,10067,2000,4000,15000,8000,10000,2,2
081117_1548,Decentralized_ full_info,3,6,10067,4000,3000,3654,6512,4531,2,2
081117_1548,Decentralized_ full_info,3,7,10067,50000,8099,2000,6000,15000,1,1
081117_1548,Decentralized_ full_info,3,8,10067,50000,10000,8000,15000,30000,1,1
081117_1548,Decentralized_ full_info,3,9,10067,30000,10000,10000,15000,5000,1,1
081117_1548,Decentralized_ full_info,3,10,10067,200000,100000,150563,170534,80009,1,1
081117_1548,Decentralized_ full_info,3,11,10067,2500,7500,8099,7777,8500,2,2
081117_1548,Decentralized_ full_info,3,12,10067,8099,10102,9647,6012,15023,1,1
081117_1548,Solo,4,1,198,40,20,50,70,100,1,1
081117_1548,Solo,4,2,198,60,136,365,211,96,5,5
081117_1548,Solo,4,3,198,38,43,36,45,34,3,3
081117_1548,Solo,4,4,198,14,24,34,20,26,2,2
081117_1548,Solo,4,5,198,500,750,250,350,450,2,2
081117_1548,Solo,4,6,198,200,400,150,100,200,2,2
081117_1548,Solo,4,7,198,40,10,100,200,20,1,1
081117_1548,Solo,4,8,198,70,40,30,80,100,1,1
081117_1548,Solo,4,9,198,20,30,16,58,30,4,4
081117_1548,Solo,4,10,198,19,23,16,25,21,4,4
081117_1548,Solo,4,11,198,15,5,20,27,35,2,1
081117_1548,Solo,4,12,198,100,85,55,106,38,1,1
081117_1548,Decentralized_ aggregated,5,1,639,400,300,250,275,230,1,1
081117_1548,Decentralized_ aggregated,5,2,639,50,150,200,160,135,4,5
081117_1548,Decentralized_ aggregated,5,3,639,300,300,250,275,240,2,2
081117_1548,Decentralized_ aggregated,5,4,639,160,180,200,300,250,1,2
081117_1548,Decentralized_ aggregated,5,5,639,200,150,300,100,250,2,2
081117_1548,Decentralized_ aggregated,5,6,639,50,23,70,150,30,2,2
081117_1548,Decentralized_ aggregated,5,7,639,500,300,400,200,250,1,1
081117_1548,Decentralized_ aggregated,5,8,639,200,300,400,280,340,1,1
081117_1548,Decentralized_ aggregated,5,9,639,150,250,200,225,200,3,3
081117_1548,Decentralized_ aggregated,5,10,639,450,520,200,300,490,2,2
081117_1548,Decentralized_ aggregated,5,11,639,250,310,260,260,280,2,4
081117_1548,Decentralized_ aggregated,5,12,639,800,301,396,280,346,1,1
081117_1548,Decentralized_ full_info,6,1,9272,40000,7000,5000,6000,5500,1,1
081117_1548,Decentralized_ full_info,6,2,9272,1000,2000,2135,1947,6000,2,3
081117_1548,Decentralized_ full_info,6,3,9272,3000,5000,4500,6000,5500,2,3
081117_1548,Decentralized_ full_info,6,4,9272,2000,3000,6000,6000,6000,1,2
081117_1548,Decentralized_ full_info,6,5,9272,20000,10000,5000,12000,2000,2,2
081117_1548,Decentralized_ full_info,6,6,9272,5632,7500,8654,4632,6422,1,3
081117_1548,Decentralized_ full_info,6,7,9272,3000,1000,2000,5000,8000,1,1
081117_1548,Decentralized_ full_info,6,8,9272,1000000,50000,10000,8000,5000,1,1
081117_1548,Decentralized_ full_info,6,9,9272,5500,11000,9000,6000,6000,2,2
081117_1548,Decentralized_ full_info,6,10,9272,1000,1304,2000,2302,923,1,1
081117_1548,Decentralized_ full_info,6,11,9272,5500,5800,6900,6600,4800,3,3
081117_1548,Decentralized_ full_info,6,12,9272,1652,1899,1468,2345,2000,1,1
081118_1545,Decentralized_ full_info,1,1,184,150,170,160,180,150,2,4
081118_1545,Decentralized_ full_info,1,2,184,170,300,250,300,350,6,6
081118_1545,Decentralized_ full_info,1,3,184,2,150,200,200,120,1,1
081118_1545,Decentralized_ full_info,1,4,184,80,150,90,200,60,1,3
081118_1545,Decentralized_ full_info,1,5,184,825,200,180,190,185,5,4
081118_1545,Decentralized_ full_info,1,6,184,1200,800,1500,150,120,3,1
081118_1545,Decentralized_ full_info,1,7,184,100,300,400,200,200,4,4
081118_1545,Decentralized_ full_info,1,8,184,12,56,38,60,113,1,1
081118_1545,Decentralized_ full_info,1,9,184,17000,1700,2000,1200,2000,2,2
081118_1545,Decentralized_ full_info,1,10,184,180,200,150,190,210,5,4
081118_1545,Decentralized_ full_info,1,11,184,3000,3000,1500,1000,800,1,4
081118_1545,Decentralized_ full_info,1,12,184,100,150,150,150,160,3,4
081118_1545,Solo,2,1,734,250,200,300,250,250,2,2
081118_1545,Solo,2,2,734,2000,3000,3500,3500,2000,2,2
081118_1545,Solo,2,3,734,500,1000,100,700,300,1,1
081118_1545,Solo,2,4,734,400,550,600,520,475,2,3
081118_1545,Solo,2,5,734,750,500,1000,750,666,2,2
081118_1545,Solo,2,6,734,700,690,710,700,700,5,5
081118_1545,Solo,2,7,734,1000,1500,700,900,1100,4,4
081118_1545,Solo,2,8,734,200,400,320,270,300,1,1
081118_1545,Solo,2,9,734,250,300,325,350,280,2,2
081118_1545,Solo,2,10,734,290,250,220,190,210,4,4
081118_1545,Solo,2,11,734,350,600,630,650,530,4,5
081118_1545,Solo,2,12,734,1500,1200,1000,1100,1200,2,2
081118_1545,Decentralized_ aggregated,3,1,10067,1000,2000,1500,3000,5000,2,2
081118_1545,Decentralized_ aggregated,3,2,10067,10000,12000,8000,8000,8000,2,2
081118_1545,Decentralized_ aggregated,3,3,10067,50000,10000,8000,12000,9500,1,2
081118_1545,Decentralized_ aggregated,3,4,10067,30000,25000,20000,10000,20000,1,1
081118_1545,Decentralized_ aggregated,3,5,10067,15000,12500,10000,15000,17500,2,2
081118_1545,Decentralized_ aggregated,3,6,10067,4500,6500,2500,5000,6000,1,1
081118_1545,Decentralized_ aggregated,3,7,10067,50000,20000,10000,15000,5000,2,1
081118_1545,Decentralized_ aggregated,3,8,10067,800,860,960,1100,4500,1,1
081118_1545,Decentralized_ aggregated,3,9,10067,1000,6000,5000,11000,7500,1,1
081118_1545,Decentralized_ aggregated,3,10,10067,3500,4000,6000,5500,4700,4,5
081118_1545,Decentralized_ aggregated,3,11,10067,20000,18000,12000,15000,10000,4,3
081118_1545,Decentralized_ aggregated,3,12,10067,5000,10000,80000,12000,10000,1,1
081118_1545,Decentralized_ full_info,4,1,198,2000,1500,500,500,500,2,2
081118_1545,Decentralized_ full_info,4,2,198,213,214,215,150,190,2,6
081118_1545,Decentralized_ full_info,4,3,198,200,250,200,180,160,1,1
081118_1545,Decentralized_ full_info,4,4,198,800,600,350,400,460,2,1
081118_1545,Decentralized_ full_info,4,5,198,350,175,222,169,150,2,2
081118_1545,Decentralized_ full_info,4,6,198,100,150,200,120,150,1,1
081118_1545,Decentralized_ full_info,4,7,198,200,300,400,200,500,1,2
081118_1545,Decentralized_ full_info,4,8,198,450,300,150,220,213,1,1
081118_1545,Decentralized_ full_info,4,9,198,80,100,60,50,65,1,2
081118_1545,Decentralized_ full_info,4,10,198,40,60,70,75,75,4,4
081118_1545,Decentralized_ full_info,4,11,198,52,104,52,75,50,4,4
081118_1545,Decentralized_ full_info,4,12,198,250,200,250,200,180,1,1
081118_1545,Solo,5,1,639,1500,1000,2000,1700,2500,2,2
081118_1545,Solo,5,2,639,200,250,275,225,200,2,2
081118_1545,Solo,5,3,639,1000,500,1500,1000,1782,1,1
081118_1545,Solo,5,4,639,5000,10000,1850,7500,4000,1,1
081118_1545,Solo,5,5,639,150,100,75,50,75,4,4
081118_1545,Solo,5,6,639,600,650,660,630,620,5,5
081118_1545,Solo,5,7,639,10000,5000,20000,7000,2000,2,1
081118_1545,Solo,5,8,639,61,50,49,52,58,1,1
081118_1545,Solo,5,9,639,2000,1500,2500,4000,5000,1,1
081118_1545,Solo,5,10,639,3700,3800,4000,3900,5000,4,2
081118_1545,Solo,5,11,639,1200,800,707,450,712,3,3
081118_1545,Solo,5,12,639,150,200,180,250,220,1,1
081118_1545,Decentralized_ aggregated,6,1,9272,2000,3000,5000,7000,10000,2,2
081118_1545,Decentralized_ aggregated,6,2,9272,1500,40000,30000,30000,25000,2,2
081118_1545,Decentralized_ aggregated,6,3,9272,500,65000,55000,40000,30000,1,1
081118_1545,Decentralized_ aggregated,6,4,9272,15800,23000,28000,29000,19000,2,1
081118_1545,Decentralized_ aggregated,6,5,9272,1250,3750,4250,6250,7500,2,2
081118_1545,Decentralized_ aggregated,6,6,9272,4500,6500,15000,25000,30000,2,1
081118_1545,Decentralized_ aggregated,6,7,9272,15000,60000,50000,50000,40000,3,4
081118_1545,Decentralized_ aggregated,6,8,9272,6700,13000,34000,18500,23000,1,1
081118_1545,Decentralized_ aggregated,6,9,9272,800,6000,10000,20000,15000,1,1
081118_1545,Decentralized_ aggregated,6,10,9272,700500,400000,250000,150000,100000,4,2
081118_1545,Decentralized_ aggregated,6,11,9272,1200,1800,2000,1800,1800,3,3
081118_1545,Decentralized_ aggregated,6,12,9272,1600,25000,35000,30000,20000,1,1
081119_1525,Decentralized_ aggregated,1,1,184,90,200,150,130,150,1,1
081119_1525,Decentralized_ aggregated,1,2,184,50,150,60,45,100,5,5
081119_1525,Decentralized_ aggregated,1,3,184,11,110,150,150,150,2,1
081119_1525,Decentralized_ aggregated,1,4,184,210,245,288,190,200,6,5
081119_1525,Decentralized_ aggregated,1,5,184,25,100,60,80,50,4,4
081119_1525,Decentralized_ aggregated,1,6,184,2000,312,200,100,140,2,2
081119_1525,Decentralized_ aggregated,1,7,184,100,500,50,250,150,1,5
081119_1525,Decentralized_ aggregated,1,8,184,100,150,120,120,110,2,2
081119_1525,Decentralized_ aggregated,1,9,184,100,50,200,250,150,1,2
081119_1525,Decentralized_ aggregated,1,10,184,32,100,150,200,200,4,3
081119_1525,Decentralized_ aggregated,1,11,184,1000,100,100,100,100,1,2
081119_1525,Decentralized_ aggregated,1,12,184,30,150,150,120,100,1,3
081119_1525,Decentralized_ full_info,2,1,734,700,800,720,750,700,3,1
081119_1525,Decentralized_ full_info,2,2,734,300,270,330,350,280,4,6
081119_1525,Decentralized_ full_info,2,3,734,150,300,275,320,350,2,2
081119_1525,Decentralized_ full_info,2,4,734,3800,380,256,222,512,4,3
081119_1525,Decentralized_ full_info,2,5,734,300,250,200,320,230,4,4
081119_1525,Decentralized_ full_info,2,6,734,300,350,325,410,365,3,4
081119_1525,Decentralized_ full_info,2,7,734,100,400,600,300,500,1,5
081119_1525,Decentralized_ full_info,2,8,734,500,600,400,350,350,3,3
081119_1525,Decentralized_ full_info,2,9,734,5000,300,350,400,600,2,1
081119_1525,Decentralized_ full_info,2,10,734,300,300,280,320,350,3,3
081119_1525,Decentralized_ full_info,2,11,734,50,100,150,110,150,1,2
081119_1525,Decentralized_ full_info,2,12,734,450,300,350,350,350,2,3
081119_1525,Solo,3,1,10067,20000,22000,19000,21000,15000,3,1
081119_1525,Solo,3,2,10067,6000,8000,5000,4000,10000,4,4
081119_1525,Solo,3,3,10067,17500,17500,17500,17500,17500,2,2
081119_1525,Solo,3,4,10067,1500,15000,7500,12500,2250,2,2
081119_1525,Solo,3,5,10067,23000,25000,25000,23000,24000,3,3
081119_1525,Solo,3,6,10067,320000,240000,260000,285000,350000,2,2
081119_1525,Solo,3,7,10067,5000,2500,1000,500,2000,2,2
081119_1525,Solo,3,8,10067,5000,5000,2800,3500,3500,3,3
081119_1525,Solo,3,9,10067,10000,5000,2500,3000,750,1,1
081119_1525,Solo,3,10,10067,6000,6500,6500,6500,6500,4,4
081119_1525,Solo,3,11,10067,20000,40000,30000,10000,15000,2,2
081119_1525,Solo,3,12,10067,2000,2000,2000,2000,2000,3,3
081119_1525,Decentralized_ aggregated,4,1,198,632,260,250,200,264,1,1
081119_1525,Decentralized_ aggregated,4,2,198,20,30,40,250,200,4,4
081119_1525,Decentralized_ aggregated,4,3,198,350,330,250,250,230,1,1
081119_1525,Decentralized_ aggregated,4,4,198,512,256,1024,128,288,4,4
081119_1525,Decentralized_ aggregated,4,5,198,200,400,280,320,260,3,3
081119_1525,Decentralized_ aggregated,4,6,198,300,250,200,250,225,3,4
081119_1525,Decentralized_ aggregated,4,7,198,50,100,150,125,200,3,4
081119_1525,Decentralized_ aggregated,4,8,198,70,140,160,180,170,2,2
081119_1525,Decentralized_ aggregated,4,9,198,200,150,250,300,275,1,1
081119_1525,Decentralized_ aggregated,4,10,198,600,400,400,300,300,2,2
081119_1525,Decentralized_ aggregated,4,11,198,100,200,150,200,250,1,1
081119_1525,Decentralized_ aggregated,4,12,198,10,20,20,20,30,4,4
081119_1525,Decentralized_ full_info,5,1,639,250,400,350,650,500,2,1
081119_1525,Decentralized_ full_info,5,2,639,350,300,250,200,150,4,4
081119_1525,Decentralized_ full_info,5,3,639,50,100,130,180,250,1,1
081119_1525,Decentralized_ full_info,5,4,639,22000,2200,220,110,99,4,2
081119_1525,Decentralized_ full_info,5,5,639,400,600,300,500,280,2,2
081119_1525,Decentralized_ full_info,5,6,639,400,330,475,200,300,2,2
081119_1525,Decentralized_ full_info,5,7,639,20,100,150,50,250,3,3
081119_1525,Decentralized_ full_info,5,8,639,200,180,140,160,140,2,2
081119_1525,Decentralized_ full_info,5,9,639,170,100,200,230,300,1,1
081119_1525,Decentralized_ full_info,5,10,639,1000,800,500,600,400,3,3
081119_1525,Decentralized_ full_info,5,11,639,100,150,200,150,1000000000,2,1
081119_1525,Decentralized_ full_info,5,12,639,200,300,300,300,300,5,5
081119_1525,Solo,6,1,9272,120000,150000,50000,13000,100000,1,1
081119_1525,Solo,6,2,9272,20000,40000,60000,15000,8000,2,2
081119_1525,Solo,6,3,9272,100000,36000,18000,18000,18000,1,1
081119_1525,Solo,6,4,9272,512,1024,768,256,2048,4,4
081119_1525,Solo,6,5,9272,200000,400000,90000,650000,150000,2,2
081119_1525,Solo,6,6,9272,10000,15000,50000,40000,70000,2,2
081119_1525,Solo,6,7,9272,50000,100000,500000,250000,1000000,1,2
081119_1525,Solo,6,8,9272,15000,13000,13000,12000,10000,2,2
081119_1525,Solo,6,9,9272,1000,2000,1500,2300,750,2,1
081119_1525,Solo,6,10,9272,1000,500,1500,2000,750,2,2
081119_1525,Solo,6,11,9272,1000,900,1100,500,1500,2,2
081119_1525,Solo,6,12,9272,8000,12000,6000,8000,8000,1,1
081120_0951,Solo,1,1,184,20000,30000,5000,3000,1500,2,2
081120_0951,Solo,1,2,184,140,180,186,187,185,4,5
081120_0951,Solo,1,3,184,175,180,178,165,168,4,3
081120_0951,Solo,1,4,184,100,50,130,150,140,4,4
081120_0951,Solo,1,5,184,100,50,120,150,80,1,1
081120_0951,Solo,1,6,184,1000,80,72,77,77,4,4
081120_0951,Solo,1,7,184,120,1000,60,90,500,2,1
081120_0951,Solo,1,8,184,1400,713,800,1200,750,3,3
081120_0951,Solo,1,9,184,17,25,31,22,54,1,1
081120_0951,Solo,1,10,184,100,120,140,160,130,3,3
081120_0951,Solo,1,11,184,100,900,750,800,500,4,2
081120_0951,Solo,1,12,184,20,50,80,30,40,3,2
081120_0951,Decentralized_ aggregated,2,1,734,80,300,150,250,400,1,1
081120_0951,Decentralized_ aggregated,2,2,734,350,340,330,335,365,4,4
081120_0951,Decentralized_ aggregated,2,3,734,300,200,400,350,400,1,1
081120_0951,Decentralized_ aggregated,2,4,734,300,300,300,300,310,5,5
081120_0951,Decentralized_ aggregated,2,5,734,120,200,250,300,280,2,2
081120_0951,Decentralized_ aggregated,2,6,734,92,144,122,124,148,5,5
081120_0951,Decentralized_ aggregated,2,7,734,310,200,400,500,339,3,2
081120_0951,Decentralized_ aggregated,2,8,734,700,750,680,700,720,5,5
081120_0951,Decentralized_ aggregated,2,9,734,200,300,276,245,386,1,1
081120_0951,Decentralized_ aggregated,2,10,734,300,300,350,350,350,2,2
081120_0951,Decentralized_ aggregated,2,11,734,100,150,200,500,400,5,3
081120_0951,Decentralized_ aggregated,2,12,734,100,130,130,160,150,4,3
081120_0951,Decentralized_ full_info,3,1,10067,10000,30000,40000,25000,50000,1,1
081120_0951,Decentralized_ full_info,3,2,10067,6000,7000,11000,20000,8500,4,4
081120_0951,Decentralized_ full_info,3,3,10067,4000,5000,1000,3500,20000,1,1
081120_0951,Decentralized_ full_info,3,4,10067,100000,40000,30000,20000,25000,4,4
081120_0951,Decentralized_ full_info,3,5,10067,100000,50000,40000,30000,25000,1,1
081120_0951,Decentralized_ full_info,3,6,10067,3700,4200,4200,5600,5700,4,4
081120_0951,Decentralized_ full_info,3,7,10067,25000,15000,21337,35123,21337,2,3
081120_0951,Decentralized_ full_info,3,8,10067,10000,12000,11000,14000,12000,4,5
081120_0951,Decentralized_ full_info,3,9,10067,35,25478,64512,54213,48652,1,1
081120_0951,Decentralized_ full_info,3,10,10067,20000,30000,40000,35000,25000,2,2
081120_0951,Decentralized_ full_info,3,11,10067,5000,10000,17000,2000,8000,4,4
081120_0951,Decentralized_ full_info,3,12,10067,20000,22000,25000,24000,25000,4,3
081120_0951,Solo,4,1,198,150,70,300,200,80,2,2
081120_0951,Solo,4,2,198,120,110,100,102,150,4,4
081120_0951,Solo,4,3,198,25000,50000,55000,40000,70000,1,1
081120_0951,Solo,4,4,198,100,1000,2000,2500,10000,3,3
081120_0951,Solo,4,5,198,250,150,200,400,100,2,1
081120_0951,Solo,4,6,198,2600,3100,2882,1770,1770,2,3
081120_0951,Solo,4,7,198,5000,10000,2500,1000,500,1,1
081120_0951,Solo,4,8,198,380,370,300,350,280,5,4
081120_0951,Solo,4,9,198,1000,3000,2500,1245,1952,2,1
081120_0951,Solo,4,10,198,60,80,120,180,100,2,2
081120_0951,Solo,4,11,198,15,10,20,35,15,3,3
081120_0951,Solo,4,12,198,800,800,800,800,800,3,3
081120_0951,Decentralized_ aggregated,5,1,639,100,150,200,300,250,2,2
081120_0951,Decentralized_ aggregated,5,2,639,300,280,275,330,400,4,4
081120_0951,Decentralized_ aggregated,5,3,639,200,50,100,300,75,1,1
081120_0951,Decentralized_ aggregated,5,4,639,100,200,200,250,230,4,4
081120_0951,Decentralized_ aggregated,5,5,639,200,250,280,300,310,2,1
081120_0951,Decentralized_ aggregated,5,6,639,62,112,120,122,110,3,3
081120_0951,Decentralized_ aggregated,5,7,639,200,210,230,240,250,2,3
081120_0951,Decentralized_ aggregated,5,8,639,400,390,380,390,380,5,5
081120_0951,Decentralized_ aggregated,5,9,639,168,194,1222222,245,267,1,1
081120_0951,Decentralized_ aggregated,5,10,639,1000,800,600,600,500,1,1
081120_0951,Decentralized_ aggregated,5,11,639,50,250,150,200,100,2,3
081120_0951,Decentralized_ aggregated,5,12,639,30,200,170,170,150,2,2
081120_0951,Decentralized_ full_info,6,1,9272,1000,5000,7500,8000,3000,1,1
081120_0951,Decentralized_ full_info,6,2,9272,10000,7000,7500,11000,12500,4,4
081120_0951,Decentralized_ full_info,6,3,9272,2500,7000,10000,12500,15000,1,1
081120_0951,Decentralized_ full_info,6,4,9272,10000,8000,7000,6000,9000,3,4
081120_0951,Decentralized_ full_info,6,5,9272,2000,6000,7500,5000,10000,1,1
081120_0951,Decentralized_ full_info,6,6,9272,6200,5000,6000,5800,6200,2,3
081120_0951,Decentralized_ full_info,6,7,9272,4000,8000,16000,12000,10000,1,1
081120_0951,Decentralized_ full_info,6,8,9272,800,2000,2500,3000,2750,3,2
081120_0951,Decentralized_ full_info,6,9,9272,1542,3657,0,4986,7542,1,1
081120_0951,Decentralized_ full_info,6,10,9272,5000,10000,7500,20000,15000,1,1
081120_0951,Decentralized_ full_info,6,11,9272,10000,7500,8750,16000,25000,4,3
081120_0951,Decentralized_ full_info,6,12,9272,7000,7000,8000,9000,6000,3,3
081120_1536,Decentralized_ full_info,1,1,184,200,240,600,600,500,2,4
081120_1536,Decentralized_ full_info,1,2,184,200,200,200,200,200,1,1
081120_1536,Decentralized_ full_info,1,3,184,350,240,300,370,360,2,2
081120_1536,Decentralized_ full_info,1,4,184,1000,800,500,300,400,1,4
081120_1536,Decentralized_ full_info,1,5,184,5000,1000,800,500,200,1,1
081120_1536,Decentralized_ full_info,1,6,184,800,500,240,400,550,2,2
081120_1536,Decentralized_ full_info,1,7,184,15,30,60,200,300,2,3
081120_1536,Decentralized_ full_info,1,8,184,600,45,137,500,299,3,4
081120_1536,Decentralized_ full_info,1,9,184,1,1500,1000,800,800,3,4
081120_1536,Decentralized_ full_info,1,10,184,25,200,200,160,160,1,3
081120_1536,Decentralized_ full_info,1,11,184,10,500,450,30,300,1,1
081120_1536,Decentralized_ full_info,1,12,184,150,200,213,174,301,1,2
081120_1536,Solo,2,1,734,700,650,600,700,720,3,4
081120_1536,Solo,2,2,734,500,450,550,600,700,1,1
081120_1536,Solo,2,3,734,12000,200,340,300,330,4,2
081120_1536,Solo,2,4,734,200,300,250,300,350,3,2
081120_1536,Solo,2,5,734,300,100,70,150,240,1,2
081120_1536,Solo,2,6,734,250,350,300,200,220,2,2
081120_1536,Solo,2,7,734,50,150,200,230,250,5,3
081120_1536,Solo,2,8,734,350,1000,600,738,925,3,2
081120_1536,Solo,2,9,734,60000,1000,2000,1500,500,1,1
081120_1536,Solo,2,10,734,350,350,350,350,350,5,5
081120_1536,Solo,2,11,734,700,3000,5000,4000,4500,1,1
081120_1536,Solo,2,12,734,100,150,200,175,164,3,3
081120_1536,Decentralized_ aggregated,3,1,10067,10000,9900,10000,10000,9800,5,6
081120_1536,Decentralized_ aggregated,3,2,10067,3000,3000,3000,3000,3000,1,2
081120_1536,Decentralized_ aggregated,3,3,10067,10000,5000,9000,4500,5500,1,2
081120_1536,Decentralized_ aggregated,3,4,10067,10000,8000,7000,6000,6500,3,3
081120_1536,Decentralized_ aggregated,3,5,10067,1000,4000,6000,8000,5000,2,2
081120_1536,Decentralized_ aggregated,3,6,10067,10000,5000,7000,4500,6256,1,2
081120_1536,Decentralized_ aggregated,3,7,10067,1000,5000,5500,4500,7000,2,3
081120_1536,Decentralized_ aggregated,3,8,10067,15000,7000,6000,4500,8000,2,3
081120_1536,Decentralized_ aggregated,3,9,10067,2000,6000,6000,7000,5000,1,1
081120_1536,Decentralized_ aggregated,3,10,10067,15000,8000,6500,6500,6000,1,2
081120_1536,Decentralized_ aggregated,3,11,10067,1000,7000,5000,4000,8000,1,1
081120_1536,Decentralized_ aggregated,3,12,10067,3000,7000,5152,6102,5123,2,2
081120_1536,Decentralized_ full_info,4,1,198,500,600,600,600,600,5,5
081120_1536,Decentralized_ full_info,4,2,198,80,80,60,40,40,2,1
081120_1536,Decentralized_ full_info,4,3,198,15,45,12,35,25,1,2
081120_1536,Decentralized_ full_info,4,4,198,3000,400,350,200,250,3,4
081120_1536,Decentralized_ full_info,4,5,198,300,400,200,400,300,1,1
081120_1536,Decentralized_ full_info,4,6,198,50,80,40,100,200,1,1
081120_1536,Decentralized_ full_info,4,7,198,30,50,10,40,70,2,3
081120_1536,Decentralized_ full_info,4,8,198,200,400,550,425,108,4,5
081120_1536,Decentralized_ full_info,4,9,198,300,200,100,500,60,3,2
081120_1536,Decentralized_ full_info,4,10,198,10,50,60,55,55,3,1
081120_1536,Decentralized_ full_info,4,11,198,150,200,70,200,400,1,1
081120_1536,Decentralized_ full_info,4,12,198,20,35,100,123,75,1,1
081120_1536,Solo,5,1,639,900,850,950,900,1000,4,3
081120_1536,Solo,5,2,639,60,80,100,70,50,1,1
081120_1536,Solo,5,3,639,50,30,20,40,30,1,1
081120_1536,Solo,5,4,639,50,30,70,40,60,2,2
081120_1536,Solo,5,5,639,10000,9000,20000,5000,25000,2,1
081120_1536,Solo,5,6,639,18,4,30,10,50,2,1
081120_1536,Solo,5,7,639,1000,20000,15000,20000,17500,3,4
081120_1536,Solo,5,8,639,150,236,139,288,200,5,5
081120_1536,Solo,5,9,639,500,700,300,200,500,1,1
081120_1536,Solo,5,10,639,280,300,300,290,350,2,2
081120_1536,Solo,5,11,639,300,250,150,60,50,1,1
081120_1536,Solo,5,12,639,500,1000,250,750,1500,1,1
081120_1536,Decentralized_ aggregated,6,1,9272,900,13000,5000,10000,9000,3,2
081120_1536,Decentralized_ aggregated,6,2,9272,15000,2000,5000,7000,9000,2,1
081120_1536,Decentralized_ aggregated,6,3,9272,12000,8000,13000,10000,16000,1,2
081120_1536,Decentralized_ aggregated,6,4,9272,2000,5000,8000,7000,9000,2,4
081120_1536,Decentralized_ aggregated,6,5,9272,500,4000,10000,9000,12000,2,1
081120_1536,Decentralized_ aggregated,6,6,9272,5000,12000,20000,80000,15791,1,1
081120_1536,Decentralized_ aggregated,6,7,9272,700,3000,4000,7000,10000,2,4
081120_1536,Decentralized_ aggregated,6,8,9272,1750,6000,2500,13500,6543,2,2
081120_1536,Decentralized_ aggregated,6,9,9272,2000,9000,6000,9000,8000,2,1
081120_1536,Decentralized_ aggregated,6,10,9272,50000,35000,15000,15000,16000,2,1
081120_1536,Decentralized_ aggregated,6,11,9272,1200,9000,12000,7000,21000,1,1
081120_1536,Decentralized_ aggregated,6,12,9272,2000,5000,10000,15001,12345,1,1
081121_0739,Decentralized_ aggregated,1,1,184,30,35,40,40,40,1,1
081121_0739,Decentralized_ aggregated,1,2,184,5,60,70,40,80,1,2
081121_0739,Decentralized_ aggregated,1,3,184,3,1000,600,500,500,1,3
081121_0739,Decentralized_ aggregated,1,4,184,50,200,150,120,80,2,5
081121_0739,Decentralized_ aggregated,1,5,184,150,200,120,100,90,1,2
081121_0739,Decentralized_ aggregated,1,6,184,700,650,600,600,550,3,4
081121_0739,Decentralized_ aggregated,1,7,184,150,150,160,160,160,4,5
081121_0739,Decentralized_ aggregated,1,8,184,5,25,40,35,50,1,1
081121_0739,Decentralized_ aggregated,1,9,184,5,70,120,35,96,4,4
081121_0739,Decentralized_ aggregated,1,10,184,200,180,220,175,195,5,5
081121_0739,Decentralized_ aggregated,1,11,184,5000,1000,200,150,180,1,1
081121_0739,Decentralized_ aggregated,1,12,184,10,10,20,50,50,1,1
081121_0739,Decentralized_ full_info,2,1,734,150,300,400,350,320,1,1
081121_0739,Decentralized_ full_info,2,2,734,50,100,100,150,200,1,1
081121_0739,Decentralized_ full_info,2,3,734,1500,1200,1200,1500,1500,5,6
081121_0739,Decentralized_ full_info,2,4,734,100,250,350,450,450,5,5
081121_0739,Decentralized_ full_info,2,5,734,300,250,360,500,310,4,4
081121_0739,Decentralized_ full_info,2,6,734,900,500,500,700,650,1,2
081121_0739,Decentralized_ full_info,2,7,734,300,300,350,350,300,4,5
081121_0739,Decentralized_ full_info,2,8,734,5500,5000,4000,2500,2150,2,1
081121_0739,Decentralized_ full_info,2,9,734,250,400,350,270,330,3,5
081121_0739,Decentralized_ full_info,2,10,734,400,563,322,418,296,4,4
081121_0739,Decentralized_ full_info,2,11,734,200,300,500,400,200,2,1
081121_0739,Decentralized_ full_info,2,12,734,400,400,427,502,450,1,2
081121_0739,Solo,3,1,10067,7000,7500,8500,8300,8000,1,1
081121_0739,Solo,3,2,10067,5000,10000,7500,6000,15000,2,2
081121_0739,Solo,3,3,10067,5000,5000,6000,6000,5000,4,5
081121_0739,Solo,3,4,10067,10100,30000,40000,35000,20000,2,4
081121_0739,Solo,3,5,10067,3000,6000,8000,7000,5000,4,5
081121_0739,Solo,3,6,10067,20000,12000,1200,1000,800,2,3
081121_0739,Solo,3,7,10067,10000,10000,5000,7000,5000,3,3
081121_0739,Solo,3,8,10067,5000,5500,10000,8000,15000,1,1
081121_0739,Solo,3,9,10067,14000,25000,16843,18362,15037,5,5
081121_0739,Solo,3,10,10067,15234,8745,4692,2935,2189,3,3
081121_0739,Solo,3,11,10067,350000,400000,300000,370000,320000,1,1
081121_0739,Solo,3,12,10067,30000,15000,10000,8000,10000,1,1
081121_0739,Decentralized_ aggregated,4,1,198,1500,1600,1200,1100,950,1,1
081121_0739,Decentralized_ aggregated,4,2,198,250,450,350,500,350,3,3
081121_0739,Decentralized_ aggregated,4,3,198,100,100,100,100,100,3,6
081121_0739,Decentralized_ aggregated,4,4,198,150,500,800,600,300,5,5
081121_0739,Decentralized_ aggregated,4,5,198,400,700,500,200,110,1,2
081121_0739,Decentralized_ aggregated,4,6,198,150,170,200,200,180,4,3
081121_0739,Decentralized_ aggregated,4,7,198,300,400,600,500,400,4,4
081121_0739,Decentralized_ aggregated,4,8,198,270,260,275,280,270,2,4
081121_0739,Decentralized_ aggregated,4,9,198,250,1800,1000,350,500,4,5
081121_0739,Decentralized_ aggregated,4,10,198,1000,896,406,265,318,3,4
081121_0739,Decentralized_ aggregated,4,11,198,20000,10000,5000,1000,400,1,1
081121_0739,Decentralized_ aggregated,4,12,198,160,300,350,350,350,2,2
081121_0739,Decentralized_ full_info,5,1,639,4000,350,400,450,420,1,1
081121_0739,Decentralized_ full_info,5,2,639,500,400,500,300,600,2,2
081121_0739,Decentralized_ full_info,5,3,639,1000,1000,1200,800,600,1,4
081121_0739,Decentralized_ full_info,5,4,639,1000,1200,1400,1300,1200,6,6
081121_0739,Decentralized_ full_info,5,5,639,600,1000,450,660,1200,2,2
081121_0739,Decentralized_ full_info,5,6,639,120,150,150,170,160,3,4
081121_0739,Decentralized_ full_info,5,7,639,150,150,150,150,150,3,3
081121_0739,Decentralized_ full_info,5,8,639,320,450,480,373,410,2,2
081121_0739,Decentralized_ full_info,5,9,639,250,450,950,390,420,3,2
081121_0739,Decentralized_ full_info,5,10,639,250,231,174,153,97,3,3
081121_0739,Decentralized_ full_info,5,11,639,120,150,100,300,500,1,1
081121_0739,Decentralized_ full_info,5,12,639,100,130,138,150,167,2,1